{"nodes":{"node:255":{"location":{"x":200,"y":100}},"node:272":{"location":{"x":-152,"y":262}},"node:282":{"location":{"x":-145,"y":134}}},"selection":null,"view":{"scroll":{"x":-176.498931884765625,"y":74.333251953125},"zoom":1.25}}